<?xml version="1.0" encoding="UTF-8"?>

<opml version="1.0">
    <head>
        <title>Workshop's Endless Client Leads Cheatsheet</title>
    </head>
    <body>
        <outline type="rss" text="Smashing Jobs" title="Smashing Jobs" xmlUrl="http://feeds.feedburner.com/smjobs" htmlUrl="http://jobs.smashingmagazine.com/rss/all/all"/>
        <outline type="rss" text="AuthenticJobs.com Job Listings" title="AuthenticJobs.com Job Listings" xmlUrl="http://www.authenticjobs.com/rss/custom.php?terms=&amp;type=3,2,6&amp;cats=&amp;onlyremote=1&amp;location=" htmlUrl="http://www.authenticjobs.com"/>
        <outline type="rss" text="Dribbble / Jobs" title="Dribbble / Jobs" xmlUrl="http://dribbble.com/jobs.rss" htmlUrl="https://dribbble.com/jobs"/>
        <outline type="rss" text="Tuts+ Jobs RSS Feed" title="Tuts+ Jobs RSS Feed" xmlUrl="https://jobs.tutsplus.com/jobs.rss?employment_type=contract&amp;anywhere=true" htmlUrl="https://jobs.tutsplus.com/"/>
        <outline type="rss" text="WWR: Programming Jobs" title="WWR: Programming Jobs" xmlUrl="https://weworkremotely.com/categories/2/jobs.rss" htmlUrl="https://weworkremotely.com/categories/2/jobs.rss"/>
        <outline type="rss" text="WWR: Design Jobs" title="WWR: Design Jobs" xmlUrl="https://weworkremotely.com/categories/1/jobs.rss" htmlUrl="https://weworkremotely.com/categories/1/jobs.rss"/>
        <outline type="rss" text="WPhired" title="WPhired" xmlUrl="http://feeds.feedburner.com/wphired" htmlUrl="http://www.wphired.com"/>
        <outline type="rss" text="Behance JobList" title="Behance JobList" xmlUrl="http://feeds.feedburner.com/BehanceNetworkJoblist" htmlUrl="http://www.behance.net/joblist"/>
        <outline type="rss" text="Reddit NYC" title="Reddit NYC" xmlUrl="http://www.reddit.com/r/NYCjobs/search.rss?q=hiring&amp;restrict_sr=on&amp;sort=new" htmlUrl="http://www.reddit.com/r/NYCjobs/"/>
        <outline type="rss" text="Reddit For Hire" title="Reddit For Hire" xmlUrl="http://www.reddit.com/r/forhire/.rss" htmlUrl="http://www.reddit.com/r/forhire/"/>
        <outline type="rss" text="RFP Blogspot" title="RFP Blogspot" xmlUrl="http://webservicesrfp.blogspot.com/feeds/posts/default" htmlUrl="http://webservicesrfp.blogspot.com/"/>
        <outline type="rss" text="Twitter 'freelance developer'" title="Twitter 'freelance developer'" xmlUrl="http://www.queryfeed.net/twitter?q=freelance+developer+email&amp;geocode=" htmlUrl="http://www.queryfeed.net"/>
        <outline type="rss" text="Twitter 'freelance designer email'" title="Twitter 'freelance designer email'" xmlUrl="http://www.queryfeed.net/twitter?q=freelance+designer+email&amp;geocode=" htmlUrl="http://www.queryfeed.net"/>
        <outline type="rss" text="Twitter 'web dev rfp'" title="Twitter 'web dev rfp'" xmlUrl="http://www.queryfeed.net/twitter?q=web+development+rfp&amp;geocode=" htmlUrl="http://www.queryfeed.net"/>
        <outline type="rss" text="Motionographer Jobs" title="Motionographer Jobs" xmlUrl="http://feeds.feedburner.com/motionographer/zLzp" htmlUrl="http://motionographer.com/jobs"/>
        <outline type="rss" text="Drupal Jobs" title="Drupal Jobs" xmlUrl="http://groups.drupal.org/jobs/feed" htmlUrl="https://groups.drupal.org/jobs?group_nid=All&amp;keys=&amp;field_type_value_many_to_one=All&amp;field_telecommute_value_many_to_one=All"/>
        <outline type="rss" text="djangogigs.com" title="djangogigs.com" xmlUrl="http://djangogigs.com/feeds/gigs/" htmlUrl="https://djangogigs.com//"/>
        <outline type="rss" text="Top Ruby Jobs" title="Top Ruby Jobs" xmlUrl="https://toprubyjobs.com/jobs.atom" htmlUrl="https://toprubyjobs.com/jobs"/>
        <outline type="rss" text="ProBlogger Job Board" title="ProBlogger Job Board" xmlUrl="http://jobs.problogger.net/?category=corporate&amp;format=xml" htmlUrl="http://jobs.problogger.net/"/>
        <outline type="rss" text="Railsjob.com" title="Railsjob.com" xmlUrl="http://feeds.feedburner.com/railsjob" htmlUrl="http://railsjob.com/"/>
        <outline type="rss" text="Stackoverflow “freelance”" title="Stackoverflow “freelance”" xmlUrl="http://careers.stackoverflow.com/jobs/feed?searchTerm=freelance&amp;allowsremote=True" htmlUrl="http://careers.stackoverflow.com/jobs"/>
        <outline type="rss" text="WordPress Jobs 'Design'" title="WordPress Jobs 'Design'" xmlUrl="http://jobs.wordpress.net/job_category/design/feed/" htmlUrl="http://jobs.wordpress.net"/>
        <outline type="rss" text="WordPress 'general'" title="WordPress 'general'" xmlUrl="http://jobs.wordpress.net/job_category/general/feed/" htmlUrl="http://jobs.wordpress.net"/>
        <outline type="rss" text="Railsjobbers.com" title="Railsjobbers.com" xmlUrl="http://railsjobbers.com/rss/" htmlUrl="http://railsjobbers.com"/>
        <outline type="rss" text="Djangojobbers.com" title="Djangojobbers.com" xmlUrl="http://djangojobbers.com/rss/" htmlUrl="http://djangojobbers.com"/>
        <outline type="rss" text="Remojobo" title="Remojobo" xmlUrl="http://www.remojobo.com/feed/" htmlUrl="http://www.remojobo.com"/>
        <outline type="rss" text="Krop" title="Krop" xmlUrl="http://www.krop.com/services/feeds/rss/latest/" htmlUrl="http://www.krop.com/"/>
        <outline type="rss" text="CL SD 'freelance web developer'" title="CL SD 'freelance web developer'" xmlUrl="http://sandiego.craigslist.org/search/jjj?catAbb=jjj&amp;is_telecommuting=1&amp;query=freelance%20developer&amp;s=0&amp;sort=rel&amp;format=rss" htmlUrl="http://sandiego.craigslist.org/search/jjj?catAbb=jjj&amp;amp;is_telecommuting=1&amp;amp;query=freelance%20developer&amp;amp;s=0&amp;amp;sort=rel"/>
        <outline type="rss" text="CL SD 'freelance designer'" title="CL SD 'freelance designer'" xmlUrl="http://sandiego.craigslist.org/search/jjj?catAbb=jjj&amp;is_telecommuting=1&amp;query=freelance%20designer&amp;s=0&amp;sort=rel&amp;format=rss" htmlUrl="http://sandiego.craigslist.org/search/jjj?catAbb=jjj&amp;amp;is_telecommuting=1&amp;amp;query=freelance%20designer&amp;amp;s=0&amp;amp;sort=rel"/>
        <outline type="rss" text="CL LA 'freelance designer'" title="CL LA 'freelance designer'" xmlUrl="http://losangeles.craigslist.org/search/jjj?catAbb=jjj&amp;is_telecommuting=1&amp;query=freelance%20designer&amp;s=0&amp;sort=rel&amp;format=rss" htmlUrl="http://losangeles.craigslist.org/search/jjj?catAbb=jjj&amp;amp;is_telecommuting=1&amp;amp;query=freelance%20designer&amp;amp;s=0&amp;amp;sort=rel"/>
        <outline type="rss" text="SF 'freelance designer'" title="SF 'freelance designer'" xmlUrl="http://sfbay.craigslist.org/search/jjj?catAbb=jjj&amp;is_telecommuting=1&amp;query=freelance%20designer&amp;s=0&amp;sort=rel&amp;format=rss" htmlUrl="http://sfbay.craigslist.org/search/jjj?catAbb=jjj&amp;amp;is_telecommuting=1&amp;amp;query=freelance%20designer&amp;amp;s=0&amp;amp;sort=rel"/>
        <outline type="rss" text="CL SF 'freelance developer'" title="CL SF 'freelance developer'" xmlUrl="http://sfbay.craigslist.org/search/jjj?catAbb=jjj&amp;is_telecommuting=1&amp;query=freelance%20developer&amp;s=0&amp;sort=rel&amp;format=rss" htmlUrl="http://sfbay.craigslist.org/search/jjj?catAbb=jjj&amp;amp;is_telecommuting=1&amp;amp;query=freelance%20developer&amp;amp;s=0&amp;amp;sort=rel"/>
        <outline type="rss" text="CL CHI 'freelance designer'" title="CL CHI 'freelance designer'" xmlUrl="http://chicago.craigslist.org/search/jjj?catAbb=jjj&amp;is_telecommuting=1&amp;query=freelance%20designer&amp;s=0&amp;sort=rel&amp;format=rss" htmlUrl="http://chicago.craigslist.org/search/jjj?catAbb=jjj&amp;amp;is_telecommuting=1&amp;amp;query=freelance%20designer&amp;amp;s=0&amp;amp;sort=rel"/>
        <outline type="rss" text="CL CHI 'freelance developer'" title="CL CHI 'freelance developer'" xmlUrl="http://chicago.craigslist.org/search/jjj?catAbb=jjj&amp;is_telecommuting=1&amp;query=freelance%20developer&amp;s=0&amp;sort=rel&amp;format=rss" htmlUrl="http://chicago.craigslist.org/search/jjj?catAbb=jjj&amp;amp;is_telecommuting=1&amp;amp;query=freelance%20developer&amp;amp;s=0&amp;amp;sort=rel"/>
        <outline type="rss" text="CL PHI 'freelance designer'" title="CL PHI 'freelance designer'" xmlUrl="http://philadelphia.craigslist.org/search/jjj?catAbb=jjj&amp;is_telecommuting=1&amp;query=freelance%20designer&amp;s=0&amp;sort=rel&amp;format=rss" htmlUrl="http://philadelphia.craigslist.org/search/jjj?catAbb=jjj&amp;amp;is_telecommuting=1&amp;amp;query=freelance%20designer&amp;amp;s=0&amp;amp;sort=rel"/>
        <outline type="rss" text="CL PHI 'freelance developer'" title="CL PHI 'freelance developer'" xmlUrl="http://philadelphia.craigslist.org/search/jjj?catAbb=jjj&amp;is_telecommuting=1&amp;query=freelance%20developer&amp;s=0&amp;sort=rel&amp;format=rss" htmlUrl="http://philadelphia.craigslist.org/search/jjj?catAbb=jjj&amp;amp;is_telecommuting=1&amp;amp;query=freelance%20developer&amp;amp;s=0&amp;amp;sort=rel"/>
        <outline type="rss" text="CL AUSTIN 'freelance design'" title="CL AUSTIN 'freelance design'" xmlUrl="http://austin.craigslist.org/search/jjj?catAbb=jjj&amp;is_telecommuting=1&amp;query=freelance%20design&amp;s=0&amp;sort=rel&amp;format=rss" htmlUrl="http://austin.craigslist.org/search/jjj?catAbb=jjj&amp;amp;is_telecommuting=1&amp;amp;query=freelance%20design&amp;amp;s=0&amp;amp;sort=rel"/>
        <outline type="rss" text="CL Austin 'freelance developer'" title="CL Austin 'freelance developer'" xmlUrl="http://austin.craigslist.org/search/jjj?catAbb=jjj&amp;is_telecommuting=1&amp;query=freelance%20developer&amp;s=0&amp;sort=rel&amp;format=rss" htmlUrl="http://austin.craigslist.org/search/jjj?catAbb=jjj&amp;amp;is_telecommuting=1&amp;amp;query=freelance%20developer&amp;amp;s=0&amp;amp;sort=rel"/>
        <outline type="rss" text="CL NYC 'freelance design'" title="CL NYC 'freelance design'" xmlUrl="http://newyork.craigslist.org/search/jjj?catAbb=jjj&amp;is_telecommuting=1&amp;query=freelance%20designer&amp;s=0&amp;sort=rel&amp;format=rss" htmlUrl="http://newyork.craigslist.org/search/jjj?catAbb=jjj&amp;amp;is_telecommuting=1&amp;amp;query=freelance%20designer&amp;amp;s=0&amp;amp;sort=rel"/>
        <outline type="rss" text="CL NYC 'freelance developer'" title="CL NYC 'freelance developer'" xmlUrl="http://newyork.craigslist.org/search/jjj?catAbb=jjj&amp;is_telecommuting=1&amp;query=freelance%20developer&amp;s=0&amp;sort=rel&amp;format=rss" htmlUrl="http://newyork.craigslist.org/search/jjj?catAbb=jjj&amp;amp;is_telecommuting=1&amp;amp;query=freelance%20developer&amp;amp;s=0&amp;amp;sort=rel"/>
        <outline type="rss" text="Node.js Jobs" title="Node.js Jobs" xmlUrl="http://jobs.nodejs.org/a/jbb/find-jobs-rss" htmlUrl="http://jobs.nodejs.org/a/jbb/find-jobs"/>
        <outline type="rss" text="NodeJobs.com" title="NodeJobs.com" xmlUrl="http://www.nodejobs.com/feed/rss" htmlUrl="http://www.nodejobs.com"/>
        <outline type="rss" text="PHP Telecommute" title="PHP Telecommute" xmlUrl="http://www.phpjobs.com/php-telecommute/feeds/rss20" htmlUrl="http://www.phpjobs.com/php-telecommute/"/>
        <outline type="rss" text="SPD Job Board" title="SPD Job Board" xmlUrl="http://www.spd.org/job-board/atom.xml" htmlUrl="http://www.spd.org/job-board/"/>
        <outline type="rss" text="JS Ninja" title="JS Ninja" xmlUrl="http://jobs.jsninja.com/a/jbb/find-jobs-rss?sb=1&amp;sbo=1" htmlUrl="http://jobs.jsninja.com/a/jbb/find-jobs"/>
        <outline type="rss" text="PHP Jobs" title="PHP Jobs" xmlUrl="http://www.phpjobs.com/search?d=1&amp;distance=50&amp;country_code=us&amp;job_group_ids[14131]=1&amp;sort_by=date&amp;search=1&amp;format=rss20" htmlUrl="http://www.phpjobs.com/"/>
        <outline type="rss" text="CL Seattle Freelance Design" title="CL Seattle Freelance Design" xmlUrl="http://seattle.craigslist.org/search/jjj?catAbb=jjj&amp;is_telecommuting=1&amp;query=freelance%20design&amp;s=0&amp;format=rss" htmlUrl="http://seattle.craigslist.org/search/jjj?catAbb=jjj&amp;amp;is_telecommuting=1&amp;amp;query=freelance%20design&amp;amp;s=0"/>
        <outline type="rss" text="UX Jobs Board" title="UX Jobs Board" xmlUrl="http://www.uxjobsboard.com/feed/" htmlUrl="http://www.uxjobsboard.com"/>
        <outline type="rss" text="UX Magazine Jobs" title="UX Magazine Jobs" xmlUrl="http://uxmag.com/uxjobs/rss/feed.xml" htmlUrl="http://uxmag.com/uxjobs/rss/feed.xml"/>
        <outline type="rss" text="Usability News: Jobs" title="Usability News: Jobs" xmlUrl="http://usabilitynews.bcs.org/server.php?controller=rss&amp;source=block&amp;id=6585" htmlUrl="http://usabilitynews.bcs.org/"/>
        <outline type="rss" text="justUXjobs" title="justUXjobs" xmlUrl="http://www.justuxjobs.com/rss/all/" htmlUrl="http://www.justuxjobs.com/"/>
        <outline type="rss" text="Boxes And Arrows Jobs Listing" title="Boxes And Arrows Jobs Listing" xmlUrl="http://feeds.feedburner.com/BoxesAndArrowsJobs" htmlUrl="http://jobs.boxesandarrows.com/jobs"/>
        <outline type="rss" text="HFcareers.com Jobs" title="HFcareers.com Jobs" xmlUrl="http://www.hfcareers.com/JobSeeker/jobs/rss.aspx" htmlUrl="http://www.HFcareers.com/"/>
        <outline type="rss" text="HypepotamusFreelance Archives » Hyp..." title="HypepotamusFreelance Archives » Hyp..." xmlUrl="http://www.hypepotamus.com/?feed=job_feed&amp;type=freelance,part-time&amp;location&amp;job_categories&amp;s" htmlUrl="http://www.hypepotamus.com"/>
        <outline type="rss" text="ExpressionEngine Job Board" title="ExpressionEngine Job Board" xmlUrl="http://feeds.feedburner.com/Director-eeJobBoard" htmlUrl="http://director-ee.com/jobs"/>
    </body>
</opml>
